{"16": -2.8846382260484043, "8": -2.98826025871529, "11": -2.9141522865615683, "12": -2.9374633654300153, "7": -3.0470255679415414, "15": -2.9095545773129388, "6": -2.9541105988631715, "5": -2.9710396609636196, "4": -2.9095545773129388, "1": -3.2002994392952653, "2": -2.9710396609636196, "17": -3.021050081538281, "3": -2.990744732042952, "19": -3.2157556975319572, "9": -2.9374633654300153, "14": -2.9686036061657384, "13": -2.8713046951789387, "10": -2.9565115604007097, "20": -3.2901033341565684, "18": -3.044397445535272}